{
  "hash": "0d4d11a9",
  "configHash": "7aded4f9",
  "lockfileHash": "a8267775",
  "browserHash": "09dff90a",
  "optimized": {
    "@angular/common/http": {
      "src": "../../../../../node_modules/@angular/common/fesm2022/http.mjs",
      "file": "@angular_common_http.js",
      "fileHash": "abdda313",
      "needsInterop": false
    },
    "@angular/core": {
      "src": "../../../../../node_modules/@angular/core/fesm2022/core.mjs",
      "file": "@angular_core.js",
      "fileHash": "beb2e8fc",
      "needsInterop": false
    },
    "@angular/platform-browser": {
      "src": "../../../../../node_modules/@angular/platform-browser/fesm2022/platform-browser.mjs",
      "file": "@angular_platform-browser.js",
      "fileHash": "ce0e7d94",
      "needsInterop": false
    },
    "@angular/router": {
      "src": "../../../../../node_modules/@angular/router/fesm2022/router.mjs",
      "file": "@angular_router.js",
      "fileHash": "7dcab19e",
      "needsInterop": false
    },
    "rxjs": {
      "src": "../../../../../node_modules/rxjs/dist/esm5/index.js",
      "file": "rxjs.js",
      "fileHash": "6aa50356",
      "needsInterop": false
    },
    "@angular/common": {
      "src": "../../../../../node_modules/@angular/common/fesm2022/common.mjs",
      "file": "@angular_common.js",
      "fileHash": "75b99e78",
      "needsInterop": false
    }
  },
  "chunks": {
    "chunk-MEM2BOO6": {
      "file": "chunk-MEM2BOO6.js"
    },
    "chunk-3FUO2N4L": {
      "file": "chunk-3FUO2N4L.js"
    },
    "chunk-WDF32WIX": {
      "file": "chunk-WDF32WIX.js"
    },
    "chunk-K733Z6CI": {
      "file": "chunk-K733Z6CI.js"
    },
    "chunk-SXIXOCJ4": {
      "file": "chunk-SXIXOCJ4.js"
    }
  }
}